city,representation,model,accuracy,precision,recall,f1,macro_f1,rolling_macro_f1
Aveiro,A,Gaussian NB,0.8896830748482805,0.9124388753056235,0.9605855855855856,0.9358934169278997,0.7703621674011479,0.5209580838323353
Aveiro,A,Online Logistic Regression,0.9983818770226537,0.999034749034749,0.999034749034749,0.999034749034749,0.9970173745173745,0.9910250923459827
Aveiro,A,Hoeffding Tree,0.9010114632501686,0.9223420647149461,0.962998712998713,0.9422320163702187,0.7983288142114746,0.5821945708050491
Aveiro,A,Online Bagging,0.9149022252191503,0.9385896026386054,0.9613899613899614,0.9498529762377812,0.8345170533169324,0.6891428571428571
Aveiro,B,Gaussian NB,0.9519892110586649,0.9817494245314041,0.9605855855855856,0.9710522036103431,0.9152259438272885,0.8898783223438245
Aveiro,B,Online Logistic Regression,0.9983818770226537,0.999034749034749,0.999034749034749,0.999034749034749,0.9970173745173745,0.9910250923459827
Aveiro,B,Hoeffding Tree,0.939042481456507,0.9571700507614214,0.9707207207207207,0.9638977635782747,0.8841133839536396,0.6888069959930976
Aveiro,B,Online Bagging,0.9484828051247471,0.9664214902462424,0.9723294723294723,0.9693664795509221,0.9037510363856306,0.8093051999646861
Viseu,A,Gaussian NB,0.870397842211733,0.8962060153332023,0.913261217948718,0.9046532394086716,0.8511900168838769,0.4717534849596478
Viseu,A,Online Logistic Regression,0.9982470334412082,0.998797836104989,0.9985977564102564,0.9986977862366022,0.9980084105445746,1.0
Viseu,A,Hoeffding Tree,0.8783546864463925,0.9164969450101833,0.9014423076923077,0.9089072914562716,0.8629357885852786,0.4775036284470247
Viseu,A,Online Bagging,0.8867161159811193,0.9248874334834221,0.9052483974358975,0.9149625430249039,0.8726670550342613,0.4943820224719101
Viseu,B,Gaussian NB,0.9250168577208362,0.9561908679555738,0.9312900641025641,0.9435762127055004,0.9159199391501778,1.0
Viseu,B,Online Logistic Regression,0.9983818770226537,0.9987980769230769,0.9987980769230769,0.9987980769230769,0.9981614146991622,1.0
Viseu,B,Hoeffding Tree,0.9103169251517195,0.9521421107628004,0.9126602564102564,0.9319832259384269,0.9001891194010361,0.49579831932773105
Viseu,B,Online Bagging,0.9189480782198247,0.943087790110999,0.9360977564102564,0.9395797727958178,0.9082498495353244,0.4929577464788732
